CountryName,Country,1984,1985,1986,1987,1988,1989,1990,1991,1992,1993,1994,1995,1996,1997,1998,1999,2000,2001,2002,2003,2004,2005,2006,2007,2008,2009,2010,2011,2012,2013,2014,2015,2016,2017,2018,2019,2020
Aruba,ABW,,,,,,,,,,,,,,,,,,,,,,,,,,,,,,,,,,,,,
Africa Eastern and Southern,AFE,,,,,,,,,,,,,,,,,,,,,,,,,,,,,,,,,,,,,
Afghanistan,AFG,,,,,,,,,,,,,,,,,,,,,,,,33.7,,,,38.3,,,,,54.5,,,,
Africa Western and Central,AFW,,,,,,,,,,,,,,,,,,,,,,,,,,,,,,,,,,,,,
Angola,AGO,,,,,,,,,,,,,,,,,,,,,,,,,,,,,,,,,,,32.3,,
Albania,ALB,,,,,,,,,,,,,,,,,,,25.4,,,18.5,,,12.4,,,,14.3,,,,,,,,
Andorra,AND,,,,,,,,,,,,,,,,,,,,,,,,,,,,,,,,,,,,,
Arab World,ARB,,,,,,,,,,,,,,,,,,,,,,,,,,,,,,,,,,,,,
United Arab Emirates,ARE,,,,,,,,,,,,,,,,,,,,,,,,,,,,,,,,,,,,,
Argentina,ARG,,,,,,,,,,,,,,,,,,,,,,,,,,,,,,,,,30.3,25.7,32,35.5,42
Armenia,ARM,,,,,,,,,,,,,,,,,,,,,,,,,,,,,,,,,,,,26.4,
American Samoa,ASM,,,,,,,,,,,,,,,,,,,,,,,,,,,,,,,,,,,,,
Antigua and Barbuda,ATG,,,,,,,,,,,,,,,,,,,,,,,,,,,,,,,,,,,,,
Australia,AUS,,,,,,,,,,,,,,,,,,,,,,,,,,,,,,,,,,,,,
Austria,AUT,,,,,,,,,,,,,,,,,,,13.2,13,12.6,12.6,12,15.2,14.5,14.7,14.5,14.4,14.4,14.1,13.9,14.1,14.4,14.3,13.3,,
Azerbaijan,AZE,,,,,,,,,,,,,,,,,,49.6,,,,,,15.8,13.2,10.9,9.1,7.6,6,,,,,,,,
Burundi,BDI,,,,,,,,,,,,,,,,,,,,,,,67.1,,,,,,,64.9,,,,,,,
Belgium,BEL,,,,,,,,,,,,,,,,,,,,,,,,,,,,,,,,,,,14.8,,
Benin,BEN,,,,,,,,,,,,,,,,,,,,,,,37.5,33,,,35.2,36.2,,,,40.1,,,,38.5,
Burkina Faso,BFA,,,,,,,,,,,,,,,,,,,,,,,,,,,,,,,,,,,41.4,,
Bangladesh,BGD,,,,,,,,,,,,,,,,,48.9,,,,,40,,,,,31.5,,,,,,24.3,,,,
Bulgaria,BGR,,,,,,,,,,,,,,,,,,,,,,,,,,,,,,,,22.9,23.4,22,22.6,23.8,
Bahrain,BHR,,,,,,,,,,,,,,,,,,,,,,,,,,,,,,,,,,,,,
"Bahamas, The",BHS,,,,,,,,,,,,,,,,,,,,,,,,,,,,,,,,,,,,,
Bosnia and Herzegovina,BIH,,,,,,,,,,,,,,,,,,,,,,,,18.2,,,,17.9,,,,16.9,,,,,
Belarus,BLR,,,,,,,,,,,,,,,,,41.9,28.9,30.5,27.1,17.8,12.7,11.1,7.7,6.1,5.4,5.2,7.3,6.3,5.5,4.8,5.1,5.7,5.9,5.6,5,4.8
Belize,BLZ,,,,,,,,,,,,,,,,,,,,,,,,,,,,,,,,,,,,,
Bermuda,BMU,,,,,,,,,,,,,,,,,,,,,,,,,,,,,,,,,,,,,
Bolivia,BOL,,,,,,,,,,,,,,,,,,,,,,,,,,,,,,,,,,,,37.2,
Brazil,BRA,,,,,,,,,,,,,,,,,,,,,,,,,,,,,,,,,,,,,
Barbados,BRB,,,,,,,,,,,,,,,,,,,,,,,,,,,,,,,,,,,,,
Brunei Darussalam,BRN,,,,,,,,,,,,,,,,,,,,,,,,,,,,,,,,,,,,,
Bhutan,BTN,,,,,,,,,,,,,,,,,,,,,,,,23.2,,,,,12,,,,,8.2,,,
Botswana,BWA,,59,,,,,,,,32.9,,,,,,,,,30.6,,,,,,,19.3,,,,,,,,,,,
Central African Republic,CAF,,,,,,,,,,,,,,,,,,,,,,,,,62,,,,,,,,,,,,
Canada,CAN,,,,,,,,,,,,,,,,,,,,,,,,,,,,,,,,,,,,,
Central Europe and the Baltics,CEB,,,,,,,,,,,,,,,,,,,,,,,,,,,,,,,,,,,,,
Switzerland,CHE,,,,,,,,,,,,,,,,,,,,,,,15,15.7,15.6,15,15,15.9,14.5,13.8,15.6,14.7,15.5,14.6,16,,
Channel Islands,CHI,,,,,,,,,,,,,,,,,,,,,,,,,,,,,,,,,,,,,
Chile,CHL,,,,,,,,,,,,,,,,,36,,,35.4,,,29.1,,,25.3,,22.2,,14.4,,11.7,,8.6,,,10.8
China,CHN,,,,,,,,,,,,,,,,,49.8,,,,,30.2,,,,,17.2,12.7,10.2,8.5,7.2,5.7,4.5,3.1,1.7,0.6,
Cote d'Ivoire,CIV,,,,,,,,,,,,,,,,,,,,,,,,,,,,,,,,44.4,,,39.5,,
Cameroon,CMR,,,,,,,,,,,,,53.3,,,,,40.2,,,,,,39.9,,,,,,,37.5,,,,,,
"Congo, Dem. Rep.",COD,,,,,,,,,,,,,,,,,,,,,69.3,,,,,,,,63.9,,,,,,,,
"Congo, Rep.",COG,,,,,,,,,,,,,,,,,,,,,,50.7,,,,,,40.9,,,,,,,,,
Colombia,COL,,,,,,,,,,,,,,,,,,,,,,,,,,,,,,,,,,,,35.7,42.5
Comoros,COM,,,,,,,,,,,,,,,,,,,,,,,,,,,,,,42.4,,,,,,,
Cabo Verde,CPV,,,,,,,,,,,,,,,,,,58,,,,,,46,,,,,,,,35,,,,,
Costa Rica,CRI,,,,,,,,,,,,,,,,,,,,,,,,,,,,24.8,23.5,23.3,24.6,23.6,22.9,22.1,22.9,23.9,30
Caribbean small states,CSS,,,,,,,,,,,,,,,,,,,,,,,,,,,,,,,,,,,,,
Cuba,CUB,,,,,,,,,,,,,,,,,,,,,,,,,,,,,,,,,,,,,
Curacao,CUW,,,,,,,,,,,,,,,,,,,,,,,,,,,,,,,,,,,,,
Cayman Islands,CYM,,,,,,,,,,,,,,,,,,,,,,,,,,,,,,,,,,,,,
Cyprus,CYP,,,,,,,,,,,,,,,,,,,,,16.1,15.6,15.5,15.9,15.8,15.6,14.8,14.7,15.3,14.4,16.2,16.1,15.7,15.4,14.7,,
Czech Republic,CZE,,,,,,,,,,,,,,,,,,,,,,9.8,,,,,,,,,9.7,9.7,9.1,9.6,10.1,,
Germany,DEU,,,,,,,,,,,,,,,,,,,,,12.2,12.5,15.2,15.2,15.5,15.6,15.8,16.1,16.1,16.7,16.7,16.5,16.1,16,14.8,,
Djibouti,DJI,,,,,,,,,,,,,,,,,,,,,,,,,,,,,,,,,,21.1,,,
Dominica,DMA,,,,,,,,,,,,,,,,,,,,,,,,,,,,,,,,,,,,,
Denmark,DNK,,,,,,,,,,,,,,,,,,,11.7,10.9,11.8,11.7,11.7,11.8,13.1,13.3,12.1,12,11.9,12.1,12.2,11.9,12.4,12.7,12.5,,
Dominican Republic,DOM,,,,,,,,,,,,,,,,,,,,,,,,,,,,,,,,,,25.6,22.8,21,
Algeria,DZA,,,,,,,,,,,,,,,,,,,,,,,,,,,,5.5,,,,,,,,,
East Asia & Pacific (excluding high income),EAP,,,,,,,,,,,,,,,,,,,,,,,,,,,,,,,,,,,,,
Early-demographic dividend,EAR,,,,,,,,,,,,,,,,,,,,,,,,,,,,,,,,,,,,,
East Asia & Pacific,EAS,,,,,,,,,,,,,,,,,,,,,,,,,,,,,,,,,,,,,
Europe & Central Asia (excluding high income),ECA,,,,,,,,,,,,,,,,,,,,,,,,,,,,,,,,,,,,,
Europe & Central Asia,ECS,,,,,,,,,,,,,,,,,,,,,,,,,,,,,,,,,,,,,
Ecuador,ECU,,,,,,,,,,,,,,,,,,,,,,,,36.7,35.1,36,32.8,28.6,27.3,25.6,22.5,23.3,22.9,21.5,23.2,25,33
"Egypt, Arab Rep.",EGY,,,,,,,,,,,,,,,,,,,,,,,,,,,,,,,,27.8,,32.5,,,
Euro area,EMU,,,,,,,,,,,,,,,,,,,,,,,,,,,,,,,,,,,,,
Eritrea,ERI,,,,,,,,,,69,,,,,,,,,,,,,,,,,,,,,,,,,,,
Spain,ESP,,,,,,,,,,,,,,,,,,,,20.1,20.1,20.3,19.7,19.8,20.4,20.7,20.6,20.8,20.4,22.2,22.1,22.3,21.6,21.5,20.7,,
Estonia,EST,,,,,,,,,,,,,,,,,,,,20.2,18.3,18.3,19.4,19.5,19.7,15.8,17.5,17.5,18.6,,21.6,21.7,21,21.9,21.7,,
Ethiopia,ETH,,,,,,,,,,,,45.5,,,,44.2,,,,,38.7,,,,,,29.6,,,,,23.5,,,,,
European Union,EUU,,,,,,,,,,,,,,,,,,,,,,,,,,,,,,,,,,,,,
Fragile and conflict affected situations,FCS,,,,,,,,,,,,,,,,,,,,,,,,,,,,,,,,,,,,,
Finland,FIN,,,,,,,,,,,,,,,,,,,,11,11.7,12.6,13,13.6,13.8,13.1,13.7,13.2,11.8,12.8,12.4,11.6,11.5,12,11.6,12.2,
Fiji,FJI,,,,,,,,,,,,,,,,,,,39.8,,,,,,35.2,,,,,34,,,,,,29.9,
France,FRA,,,,,,,,,,,,,,,,,,,,13.5,13,13.2,13.1,12.5,12.9,13.3,14,14.1,13.7,13.3,13.6,13.6,13.2,13.4,13.6,,
Faroe Islands,FRO,,,,,,,,,,,,,,,,,,,,,,,,,,,,,,,,,,,,,
"Micronesia, Fed. Sts.",FSM,,,,,,,,,,,,,,,,,,,,,,29.9,,,,,,,,41.2,,,,,,,
Gabon,GAB,,,,,,,,,,,,,,,,,,,,,,32.7,,,,,,,,,,,,33.4,,,
United Kingdom,GBR,,,,,,,,,,,,,,,,,,,,,,,,,,,,,,,,,17,18.6,,,
Georgia,GEO,,,,,,,,,,,,,,,,,,,,,34.3,35.4,36.9,38.8,34.9,34.9,37.3,34.1,30,26.2,23.5,21.6,22,21.9,20.1,19.5,21.3
Ghana,GHA,,,,,,,,,,,,,,,,,,,,,,31.9,,,,,,,24.2,,,,23.4,,,,
Gibraltar,GIB,,,,,,,,,,,,,,,,,,,,,,,,,,,,,,,,,,,,,
Guinea,GIN,,,,,,,,,,,,,,,,,,,,,,,,,,,,,,,,,,,43.7,,
"Gambia, The",GMB,,,,,,,,,,,,,,,,,,,,,,,,,,,48.1,,,,,48.6,,,,,
Guinea-Bissau,GNB,,,,,,,,,,,,,,,,,,,64.7,,,,,,,,69.3,,,,,,,,,,
Equatorial Guinea,GNQ,,,,,,,,,,,,,,,,,,,,,,,76.8,,,,,,,,,,,,,,
Greece,GRC,,,,,,,,,,,,,,,,,,,20.7,19.9,19.6,20.5,20.3,20.1,19.7,20.1,21.4,23.1,23.1,22.1,21.4,21.2,20.2,18.5,17.9,,
Grenada,GRD,,,,,,,,,,,,,,,,,,,,,,,,,,,,,,,,,,,,,
Greenland,GRL,,,,,,,,,,,,,,,,,,,,,,,,,,,,,,,,,,,,,
Guatemala,GTM,,,,,,,,,,,,,,,,,56,,,,,,51,,,,,,,,59.3,,,,,,
Guam,GUM,,,,,,,,,,,,,,,,,,,,,,,,,,,,,,,,,,,,,
Guyana,GUY,,,,,,,,,,,,,,,,,,,,,,,,,,,,,,,,,,,,,
High income,HIC,,,,,,,,,,,,,,,,,,,,,,,,,,,,,,,,,,,,,
"Hong Kong SAR, China",HKG,,,,,,,,,,,,,,,,,,,,,,,,,,,,,,,,,,,,,
Honduras,HND,,,,,,,,,,,,,,,,,,,,,,,,,,,,,,,49.7,51.5,49.7,49.8,50.4,48,
Heavily indebted poor countries (HIPC),HPC,,,,,,,,,,,,,,,,,,,,,,,,,,,,,,,,,,,,,
Croatia,HRV,,,,,,,,,,,,,,,,,,,,,,,,,,20.6,20.9,20.4,19.5,19.4,20,19.5,20,19.3,18.3,,
Haiti,HTI,,,,,,,,,,,,,,,,,,,,,,,,,,,,,58.5,,,,,,,,
Hungary,HUN,,,,,,,,,,,,,,,,,,,,,,,,,,,,,,,,14.5,13.4,12.8,12.3,,
IBRD only,IBD,,,,,,,,,,,,,,,,,,,,,,,,,,,,,,,,,,,,,
IDA & IBRD total,IBT,,,,,,,,,,,,,,,,,,,,,,,,,,,,,,,,,,,,,
IDA total,IDA,,,,,,,,,,,,,,,,,,,,,,,,,,,,,,,,,,,,,
IDA blend,IDB,,,,,,,,,,,,,,,,,,,,,,,,,,,,,,,,,,,,,
Indonesia,IDN,,,,,,,,,,,,,,,,,19.1,18.4,18.2,17.4,16.7,16,17.8,16.6,15.4,14.1,13.3,12.5,12,11.4,11.3,11.2,10.9,10.6,9.8,9.4,
IDA only,IDX,,,,,,,,,,,,,,,,,,,,,,,,,,,,,,,,,,,,,
Isle of Man,IMN,,,,,,,,,,,,,,,,,,,,,,,,,,,,,,,,,,,,,
India,IND,,,,,,,,,,45.3,,,,,,,,,,,37.2,,,,,29.8,,21.9,,,,,,,,,
Not classified,INX,,,,,,,,,,,,,,,,,,,,,,,,,,,,,,,,,,,,,
Ireland,IRL,,,,,,,,,,,,,,,,,,,20.5,20.9,19.7,18.5,17.2,15.5,15,15.2,15.2,16.3,15.7,16.8,16.2,16.8,15.6,14.9,13.1,,
"Iran, Islamic Rep.",IRN,,,,,,,,,,,,,,,,,,,,,,,,,,,,,,,,,,,,,
Iraq,IRQ,,,,,,,,,,,,,,,,,,,,,,,22.4,,,,,,18.9,,,,,,,,
Iceland,ISL,,,,,,,,,,,,,,,,,,,,10,9.7,9.6,10.1,10.1,10.2,9.8,9.2,7.9,9.3,7.9,9.2,8.8,10.1,8.8,,,
Israel,ISR,,,,,,,,,,,,,,,,,,,,,,,,,,,,,,,,,,,,,
Italy,ITA,,,,,,,,,,,,,,,,,,,,18.9,19.2,19.3,19.5,18.9,18.4,18.7,19.8,19.5,19.3,19.4,19.9,20.6,20.3,20.3,20.1,,
Jamaica,JAM,,,,,,30.5,28.4,44.6,33.9,24.4,22.8,27.5,26.1,19.9,15.9,16.9,18.7,16.9,19.7,19.1,16.9,14.8,14.3,9.9,12.3,16.5,17.6,,19.9,,,,,,,,
Jordan,JOR,,,,,,,,,,,,,,,,,,,,,,,,,,,,,,,,,,,15.7,,
Japan,JPN,,,,,,,,,,,,,,,,,,,,,,,,,,,,,,,,,,,,,
Kazakhstan,KAZ,,,,,,,,,,,,,,,,,,,,,,,,,,,,,,,,,,,4.3,,
Kenya,KEN,,,,,,,,,,,,,,,,,,,,,,46.8,,,,,,,,,,36.1,,,,,
Kyrgyz Republic,KGZ,,,,,,,,,,,,,,,,,,,,,,,39.9,35,31.7,31.7,33.7,36.8,38,37,30.6,32.1,25.4,25.6,22.4,20.1,25.3
Cambodia,KHM,,,,,,,,,,,,,,,,,,,,50.2,,,45,,34,23.9,22.1,20.5,17.7,,,,,,,,
Kiribati,KIR,,,,,,,,,,,,,,,,,,,,,,,21.8,,,,,,,,,,,,,,
St. Kitts and Nevis,KNA,,,,,,,,,,,,,,,,,,,,,,,,,,,,,,,,,,,,,
"Korea, Rep.",KOR,,,,,,,,,,,,,,,,,,,,,,,,,,,,,,,,,,,,,
Kuwait,KWT,,,,,,,,,,,,,,,,,,,,,,,,,,,,,,,,,,,,,
Latin America & Caribbean (excluding high income),LAC,,,,,,,,,,,,,,,,,,,,,,,,,,,,,,,,,,,,,
Lao PDR,LAO,,,,,,,,,,,,,,,,,,,,,,,,,,,,,,,,,,,18.3,,
Lebanon,LBN,,,,,,,,,,,,,,,,,,,,,,,,,,,,27.4,,,,,,,,,
Liberia,LBR,,,,,,,,,,,,,,,,,,,,,,,,63.8,,,,,,,54.1,,50.9,,,,
Libya,LBY,,,,,,,,,,,,,,,,,,,,,,,,,,,,,,,,,,,,,
St. Lucia,LCA,,,,,,,,,,,,,,,,,,,,,,,,,,,,,,,,,25,,,,
Latin America & Caribbean,LCN,,,,,,,,,,,,,,,,,,,,,,,,,,,,,,,,,,,,,
Least developed countries: UN classification,LDC,,,,,,,,,,,,,,,,,,,,,,,,,,,,,,,,,,,,,
Low income,LIC,,,,,,,,,,,,,,,,,,,,,,,,,,,,,,,,,,,,,
Liechtenstein,LIE,,,,,,,,,,,,,,,,,,,,,,,,,,,,,,,,,,,,,
Sri Lanka,LKA,,,,,,,,,,,,,,,,,,,22.7,,,,15.2,,,8.9,,,6.7,,,,4.1,,,,
Lower middle income,LMC,,,,,,,,,,,,,,,,,,,,,,,,,,,,,,,,,,,,,
Low & middle income,LMY,,,,,,,,,,,,,,,,,,,,,,,,,,,,,,,,,,,,,
Lesotho,LSO,,,,,,,,,,,,,,,,,,,56.6,,,,,,,,,,,,,,,49.7,,,
Late-demographic dividend,LTE,,,,,,,,,,,,,,,,,,,,,,,,,,,,,,,,,,,,,
Lithuania,LTU,,,,,,,,,,,,,,,,,,,,,,,,,,,,,,,,21.9,22.9,22.9,20.6,,
Luxembourg,LUX,,,,,,,,,,,,,,,,,,,,,,,,,,,,,,,,15.8,16.4,16.7,17.5,,
Latvia,LVA,,,,,,,,,,,,,,,,,,,,,,,,,,,,,,,,21.8,22.1,23.3,22.9,,
"Macao SAR, China",MAC,,,,,,,,,,,,,,,,,,,,,,,,,,,,,,,,,,,,,
St. Martin (French part),MAF,,,,,,,,,,,,,,,,,,,,,,,,,,,,,,,,,,,,,
Morocco,MAR,,,,,,,,,,,,,,,16.3,,15.3,,,,,,8.9,,,,,,,4.8,,,,,,,
Monaco,MCO,,,,,,,,,,,,,,,,,,,,,,,,,,,,,,,,,,,,,
Moldova,MDA,,,,,,,,,,,,,,,,,,,,,,,,,,,,,,,,,,,,25.2,26.8
Madagascar,MDG,,,,,,,,,,,,,,,,,,70.8,,,,73.2,,,,,71.7,,70.7,,,,,,,,
Maldives,MDV,,,,,,,,,,,,,,,,,,,,,,,,,,,,,,,,,8.2,,,,
Middle East & North Africa,MEA,,,,,,,,,,,,,,,,,,,,,,,,,,,,,,,,,,,,,
Mexico,MEX,,,,,,,,,,,,,,,,,,,,,,,,,,,,,,,,,,,41.9,,43.9
Marshall Islands,MHL,,,,,,,,,,,,,,,,,,,,,,,,,,,,,,,,,,,,,
Middle income,MIC,,,,,,,,,,,,,,,,,,,,,,,,,,,,,,,,,,,,,
North Macedonia,MKD,,,,,,,,,,,,,,,,,,,,,,,,,,27,26.8,26.2,24.2,22.1,21.5,21.9,22.2,21.9,21.6,,
Mali,MLI,,,,,,,,,,,,,,,,,,50.9,,,,,41.7,,,41.1,,45.4,,47.1,46.9,47.2,46.8,44.9,43.8,42.3,41.9
Malta,MLT,,,,,,,,,,,,,,,,,,,,,14.3,14.2,15.1,15.3,14.9,15.5,15.6,15.1,15.8,15.8,16.6,16.5,16.7,16.8,17.1,,
Myanmar,MMR,,,,,,,,,,,,,,,,,,,,,,48.2,,,,,42.2,,,,,32.1,,24.8,,,
Middle East & North Africa (excluding high income),MNA,,,,,,,,,,,,,,,,,,,,,,,,,,,,,,,,,,,,,
Montenegro,MNE,,,,,,,,,,,,,,,,,,,,,,,,,,,,,25.2,24.1,24.4,24,23.6,23.8,24.5,,
Mongolia,MNG,,,,,,,,,,,,,,,,,,,,,,,,,,,38.8,33.7,27.4,,21.6,,29.6,,28.4,,
Northern Mariana Islands,MNP,,,,,,,,,,,,,,,,,,,,,,,,,,,,,,,,,,,,,
Mozambique,MOZ,,,,,,,,,,,,,69.4,,,,,,54.1,,,,,,54.7,,,,,,46.1,,,,,,
Mauritania,MRT,,,,,,,,,,,,,,,,,51,,,,46.7,,,,42,,,,,,31,,,,,,
Mauritius,MUS,,,,,,,,,,,,,,,,,,,,,,,,,,,,,7.9,,,,,10.3,,,
Malawi,MWI,,,,,,,,,,,,,,65.3,,,,,,,52.4,,,,,,50.7,,,,,,51.5,,,,
Malaysia,MYS,,,,,,,,,,,,,,,,,,,,,,,,,,,,,,,,7.6,,,5.6,8.4,
North America,NAC,,,,,,,,,,,,,,,,,,,,,,,,,,,,,,,,,,,,,
Namibia,NAM,,,,,,,,,,69.3,,,,,,,,,,37.7,,,,,,28.7,,,,,,17.4,,,,,
New Caledonia,NCL,,,,,,,,,,,,,,,,,,,,,,,,,,,,,,,,,,,,,
Niger,NER,,,,,,,,,,,,,,,,,,,,,,,,,,,,,,,,,,,40.8,,
Nigeria,NGA,,,,,,,,,,,,,,,,,,,,,,,,,,,,,,,,,,,40.1,,
Nicaragua,NIC,,,,,,,,,,,,,,,,,,45.8,,,,48.3,,,,42.5,,,,,29.6,,24.9,,,,
Netherlands,NLD,,,,,,,,,,,,,,,,,,,,,,,,,,,,,,,,12.7,13.2,13.3,13.2,13.6,
Norway,NOR,,,,,,,,,,,,,,,,,,,10.8,10.8,11.4,12,11.9,11.4,11.7,11.2,10.5,10,10.9,10.9,11.9,12.2,12.3,12.9,12.7,,
Nepal,NPL,,,,,,,,,,,,,,,,,,,,,,,,,,,25.2,,,,,,,,,,
Nauru,NRU,,,,,,,,,,,,,,,,,,,,,,,,,,,,,,,,,,,,,
New Zealand,NZL,,,,,,,,,,,,,,,,,,,,,,,,,,,,,,,,,,,,,
OECD members,OED,,,,,,,,,,,,,,,,,,,,,,,,,,,,,,,,,,,,,
Oman,OMN,,,,,,,,,,,,,,,,,,,,,,,,,,,,,,,,,,,,,
Other small states,OSS,,,,,,,,,,,,,,,,,,,,,,,,,,,,,,,,,,,,,
Pakistan,PAK,,,,,,,,,,,,,,,,,,64.3,,,51.7,50.4,,44.1,,,36.8,36.3,,29.5,,24.3,,,21.9,,
Panama,PAN,,,,,,,,,,,,,,,,,37.9,,,,,36.6,38.3,36.5,33.8,33.4,29.8,27.6,26.5,25.8,25.6,23,22.1,,,,
Peru,PER,,,,,,,,,,,,,,,,,,,,,58.7,55.6,49.2,42.4,37.3,33.5,30.8,27.8,25.8,23.9,22.7,21.8,20.7,21.7,20.5,20.2,
Philippines,PHL,,,,,,,,,,,,,,,,,,,,24.9,,,26.6,,,26.3,,,25.2,,,23.5,,,16.7,,
Palau,PLW,,,,,,,,,,,,,,,,,,,,,,,24.9,,,,,,,,,,,,,,
Papua New Guinea,PNG,,,,,,,,,,,,,,,,,,,,,,,,,,39.9,,,,,,,,,,,
Poland,POL,,,,,,,,,,,,,,,,,16,,,,20.5,19.1,17.3,16.9,17.1,17.6,17.7,17.1,17.3,17,17.6,17.3,15,14.8,15.4,,
Pre-demographic dividend,PRE,,,,,,,,,,,,,,,,,,,,,,,,,,,,,,,,,,,,,
Puerto Rico,PRI,,,,,,,,,,,,,,,,,,,,,,,,,,,,,,,,,,,,,
"Korea, Dem. People's Rep.",PRK,,,,,,,,,,,,,,,,,,,,,,,,,,,,,,,,,,,,,
Portugal,PRT,,,,,,,,,,,,,,,,,,,,20.4,19.4,18.5,18.1,18.5,17.9,17.9,18,17.9,18.7,19.5,19.5,19,18.3,17.3,17.2,,
Paraguay,PRY,,,,,,,,,,,,,,,,,,,57.7,51.4,48.8,44.9,48.9,45.3,43.2,41.6,39,37,31.4,28,27.2,26.6,28.9,26.4,24.2,23.5,26.9
West Bank and Gaza,PSE,,,,,,,,,,,,,,,,,,,,,,,,,,,25.7,25.8,,,,,29.2,,,,
Pacific island small states,PSS,,,,,,,,,,,,,,,,,,,,,,,,,,,,,,,,,,,,,
Post-demographic dividend,PST,,,,,,,,,,,,,,,,,,,,,,,,,,,,,,,,,,,,,
French Polynesia,PYF,,,,,,,,,,,,,,,,,,,,,,,,,,,,,,,,,,,,,
Qatar,QAT,,,,,,,,,,,,,,,,,,,,,,,,,,,,,,,,,,,,,
Romania,ROU,,,,,,,,,,,,,,,,,17,18,,,,,24.6,23.6,22.1,21.6,22.3,22.9,23,25.1,25.4,25.3,23.6,23.5,23.8,,
Russian Federation,RUS,,,,,,,,,,,,,,,,,29,,24.6,20.3,17.6,17.8,15.2,13.3,13.4,13,12.5,12.7,10.7,10.8,11.2,13.3,13.3,13.2,12.6,12.3,12.1
Rwanda,RWA,,,,,,,,,,,,,,,,,,,,,,,,,,,,,,39.1,,,38.2,,,,
South Asia,SAS,,,,,,,,,,,,,,,,,,,,,,,,,,,,,,,,,,,,,
Saudi Arabia,SAU,,,,,,,,,,,,,,,,,,,,,,,,,,,,,,,,,,,,,
Sudan,SDN,,,,,,,,,,,,,,,,,,,,,,,,,,46.5,,,,,,,,,,,
Senegal,SEN,,,,,,,,,,,,,,,,,,55.2,,,,48.3,,,,,,46.7,,,,,,,,,
Singapore,SGP,,,,,,,,,,,,,,,,,,,,,,,,,,,,,,,,,,,,,
Solomon Islands,SLB,,,,,,,,,,,,,,,,,,,,,,22.7,,,,,,,12.7,,,,,,,,
Sierra Leone,SLE,,,,,,,,,,,,,,,,,,,,,,,,,,,,,,,,,,,56.8,,
El Salvador,SLV,,,,,,,,,,,,,,,,,,,,,,,,,,,,,,,,,,,,,26.2
San Marino,SMR,,,,,,,,,,,,,,,,,,,,,,,,,,,,,,,,,,,,,
Somalia,SOM,,,,,,,,,,,,,,,,,,,,,,,,,,,,,,,,,,,,,
Serbia,SRB,,,,,,,,,,,,,,,,,,,,,,,,,,,,,24.5,25,26.7,25.9,25.7,24.3,23.2,,
Sub-Saharan Africa (excluding high income),SSA,,,,,,,,,,,,,,,,,,,,,,,,,,,,,,,,,,,,,
South Sudan,SSD,,,,,,,,,,,,,,,,,,,,,,,,,,,,,,,,,76.4,,,,
Sub-Saharan Africa,SSF,,,,,,,,,,,,,,,,,,,,,,,,,,,,,,,,,,,,,
Small states,SST,,,,,,,,,,,,,,,,,,,,,,,,,,,,,,,,,,,,,
Sao Tome and Principe,STP,,,,,,,,,,,,,,,,,,,,,,,,,,,,,,,,,,66.7,,,
Suriname,SUR,,,,,,,,,,,,,,,,,,,,,,,,,,,,,,,,,,,,,
Slovak Republic,SVK,,,,,,,,,,,,,,,,,,,,,13.3,11.6,10.6,10.9,11,12,13,13.2,12.8,12.6,12.3,12.7,12.4,12.2,11.9,,
Slovenia,SVN,,,,,,,,,,,,,,,,,,,,,,,,,,,,,,,,13.9,13.3,13.3,12,,
Sweden,SWE,,,,,,,,,,,,,,,,,,,,,,,,13.5,14.4,14.8,15.4,15.2,16,15.6,16.3,16.2,15.8,16.4,17.1,,
Eswatini,SWZ,,,,,,,,,,,,,,,,,69,,,,,,,,,63,,,,,,,58.9,,,,
Sint Maarten (Dutch part),SXM,,,,,,,,,,,,,,,,,,,,,,,,,,,,,,,,,,,,,
Seychelles,SYC,,,,,,,,,,,,,,,,,,,,,,,,,,,,,,39.3,,,,,25.3,,
Syrian Arab Republic,SYR,,,,,,,,,,,,,,,,,,,,30.1,,,,35.2,,,,,,,,,,,,,
Turks and Caicos Islands,TCA,,,,,,,,,,,,,,,,,,,,,,,,,,,,,,,,,,,,,
Chad,TCD,,,,,,,,,,,,,,,,,,,,,,,,,,,,,,,,,,,42.3,,
East Asia & Pacific (IDA & IBRD countries),TEA,,,,,,,,,,,,,,,,,,,,,,,,,,,,,,,,,,,,,
Europe & Central Asia (IDA & IBRD countries),TEC,,,,,,,,,,,,,,,,,,,,,,,,,,,,,,,,,,,,,
Togo,TGO,,,,,,,,,,,,,,,,,,,,,,,61.7,,,,,58.7,,,,55.1,,,,,
Thailand,THA,,,,,,,,,,,,,,,,,42.3,,32.4,,26.8,,21.9,20,20.4,17.9,16.4,13.2,12.6,10.9,10.5,7.2,8.6,7.9,9.9,6.2,
Tajikistan,TJK,,,,,,,,,,,,,,,,,,,,,,,,,,,,,,34.3,32,31.3,30.3,29.5,27.4,26.3,
Turkmenistan,TKM,,,,,,,,,,,,,,,,,,,,,,,,,,,,,,,,,,,,,
Latin America & the Caribbean (IDA & IBRD countries),TLA,,,,,,,,,,,,,,,,,,,,,,,,,,,,,,,,,,,,,
Timor-Leste,TLS,,,,,,,,,,,,,,,,,,36.3,,,,,,50.4,,,,,,,41.8,,,,,,
Middle East & North Africa (IDA & IBRD countries),TMN,,,,,,,,,,,,,,,,,,,,,,,,,,,,,,,,,,,,,
Tonga,TON,,,,,,,,,,,,,,,,,16.2,,,,,,,,,22.5,,,,,,,,,,,
South Asia (IDA & IBRD),TSA,,,,,,,,,,,,,,,,,,,,,,,,,,,,,,,,,,,,,
Sub-Saharan Africa (IDA & IBRD countries),TSS,,,,,,,,,,,,,,,,,,,,,,,,,,,,,,,,,,,,,
Trinidad and Tobago,TTO,,,,,,,,,,,,,,,,,,,,,,,,,,,,,,,,,,,,,
Tunisia,TUN,,,,,,,,,,,,,,,,,25.4,,,,,23.1,,,,,20.5,,,,,15.2,,,,,
Turkey,TUR,,,,,,,,,,,,,,,,,,25,,,,18.6,16.3,16.7,17.1,16.9,16.1,16.3,15,15,14.7,14.3,13.5,13.9,14.4,15,
Tuvalu,TUV,,,,,,,,,,,,,,,,,,,,,,,,,,,26.3,,,,,,,,,,
Tanzania,TZA,,,,,,,,,,,,,,,,,35.6,,,,,,,34.4,,,,28.2,,,,,,26.4,,,
Uganda,UGA,,,,,,,,,,,,,,,,,,,,,,,,,,,,,,,,,,,20.3,,
Ukraine,UKR,,,,,,,,,,,,,,,,,,,,,,,,,,,,,,,,,,,,1.1,
Upper middle income,UMC,,,,,,,,,,,,,,,,,,,,,,,,,,,,,,,,,,,,,
Uruguay,URY,,,,,,,,,,,,,,,,,,,,,,,,,,,,,,,,,,,,,11.6
United States,USA,,,,,,,,,,,,,,,,,,,,,,,,,,,,,,,,,,,,,
Uzbekistan,UZB,,,,,,,,,,,,,,,,,,,,,,,,,,,,,15,14.1,,,,,,,
St. Vincent and the Grenadines,VCT,,,,,,,,,,,,,,,,,,,,,,,,,,,,,,,,,,,,,
"Venezuela, RB",VEN,,,,,,,,,,,,,,55.6,49,42.8,41.6,31.1,41.1,54,53.1,42.4,33.1,27.5,27.7,26.4,26.8,27.4,27.2,29.4,29.5,33.1,,,,,
British Virgin Islands,VGB,,,,,,,,,,,,,,,,,,,,,,,,,,,,,,,,,,,,,
Virgin Islands (U.S.),VIR,,,,,,,,,,,,,,,,,,,,,,,,,,,,,,,,,,,,,
Vietnam,VNM,,,,,,,,,,,,,,,,,,,,,,,,,,,20.7,,17.2,,13.5,,9.8,,6.7,,
Vanuatu,VUT,,,,,,,,,,,,,,,,,,,,,,,,,,,,,,,,,,,,,15.9
World,WLD,,,,,,,,,,,,,,,,,,,,,,,,,,,,,,,,,,,,,
Samoa,WSM,,,,,,,,,,,,,,,,,,,,,,,,,26.9,,,,,20.3,,,,,,,
Kosovo,XKX,,,,,,,,,,,,,,,,,,,,,,,,,,,,,22.9,17.6,21.1,17.6,,,,,
"Yemen, Rep.",YEM,,,,,,,,,,,,,,,,,,,,,,34.8,,,,,,,,,48.6,,,,,,
South Africa,ZAF,,,,,,,,,,,,,,,,,,,,,,66.6,,,62.1,,53.2,,,,55.5,,,,,,
Zambia,ZMB,,,,,,,,,,,,,,,,,,,,,,,,,,,54.7,,,,,54.4,,,,,
Zimbabwe,ZWE,,,,,,,,,,,,,,,,,,32.2,,,,,,,,,,22.5,,,,,,30.4,,38.3,